glowstick,weapon,lod:dart
livart,weapon,lod:dart
ericcil,weapon,lod:dart
brillante,weapon,lod:dart
nameless_spear_lavitz,weapon,lod:lavitz
pool_noodle_lavitz,weapon,lod:lavitz
orthos_prime_lavitz,weapon,lod:lavitz
nameless_spear_albert,weapon,lod:albert
pool_noodle_albert,weapon,lod:albert
orthos_prime_albert,weapon,lod:albert
bianca_shana,weapon,lod:shana
bianca_miranda,weapon,lod:miranda
energy_sword,weapon,lod:rose
kernviter,weapon,lod:rose
pufferfish,weapon,lod:haschel
paws,weapon,lod:haschel
guitar,weapon,lod:meru
oversized_key,weapon,lod:kongol
his_hands,weapon,lod:kongol
